,NACHNAME,VITA_KURZ
4352,Wiener,"1982 Abitur in Nordhorn, Ausbildung zum Energieanlagenelektroniker, Studium der Volkswirtschaftslehre in Osnabrück und Athens, Georgia, USA. Promotion im Fach Volkswirtschaftslehre. Tätigkeit als Volkswirt bei der Commerzbank AG (Frankfurt) sowie bei der Westdeutschen Landesbank (Düsseldorf), Chefvolkswirt der AMB Generali Finanz (Köln), Geschäftsführer, Leiter der Taktischen Portfoliosteuerung und Chefvolkswirt der Generali (Köln, Mailand, Paris), Geschäftsführer und Chefvolkswirt Gesamtverband der Deutschen Versicherungswirtschaft (Berlin), verantwortlicher Geschäftsführer für die Bereiche Volkswirtschaft, Kapitalanlage und Recht. Mitgl. der CDU seit 2005, Mitgl. im Wirtschaftsrat der CDU, Mitgl. im Bundesvorstand der Mittelstands- und Wirtschaftsunion. - MdB seit Okt. 2021; Mitgl. im Vorstand des Parlamentskreis Mittelstand der CDU/CSU-Fraktion."
4288,Rosenthal,"2011/12 freiwilliges politisches Jahr bei CARE Deutschland-Luxemburg in Bonn. Lehramtsstudium Geschichte und Deutsch Rheinische Friedrich-Wilhelms-Univ. Bonn bis 2018. 2018/20 Lehramtsreferendariat, Staatsexamen. 2020/Okt. 2021 Gesamtschullehrerin in Bonn. 2021/23 Bundesvors. der Jusos in der SPD, seit Dez. 2021 Mitgl. im SPD-Parteivorstand. Stellv. Vors. des Kuratoriums von CARE, Kuratoriumsmitgl. der Bundeszentrale für pol. Bildung, Kuratoriumsmitgl. der Stiftung Haus der Geschichte der Bundesrepublik Deutschland, Kuratoriumsmitgl. des Internationalen Demokratiepreises Bonn. Mitgl. in der Gewerkschaft für Erziehung und Wissenschaft (GEW), der AWO, beim Deutschen Mieterbund Bonn/Rhein-Sieg/Ahr e. V., in der Großen Dransdorfer Karnevals-Gesellschaft (GDKG) und Bürger für Beethoven. Englisch, Französisch. - MdB seit Okt. 2021."
3860,Dürr,"Gymnasium in Ganderkesee; 1993/94 Rotary-Austauschschüler in den USA, Besuch der Highschool; Abitur 1997. Zivildienst beim DRK-Blutspendedienst in Bremen. Anschl. Studium der Wirtschaftswissenschaften an der Univ. Hannover mit den Schwerpunkten Unternehmensführung, Marketing und öffentliche Finanzen; 2000/01 Praktikum bei der adidas-Salomon AG, Herzogenaurach im Global Marketing, danach Fortsetzung des Studiums, 2007 Studienabschluss Diplom-Ökonom. 1995/2013 Mitgl. der Jungen Liberalen; seit 1996 Mitgl. der FDP, seit 2000 Mitgl. im Vorstand der FDP Niedersachsen, seit 2011 Mitgl. im Bundesvorst. der FDP, 2013/18 Mitgl. im Präsidium der FDP. 2003/17 MdL Landtag Niedersachsen und ab 2009 dort Vors. FDP-Fraktion. 2009/13 Gesellschafter der Georg Strudthoff Lederwaren und Sporthof GmbH; 2009/18 Mitgl. im Beirat Antenne Niedersachsen, Mitgl. im Aufsichtsrat Universum AG, Europa Union, im Beirat niedersächsische Automatenwirtschaft und Fördermitgl. SV Werder Bremen. - MdB seit Okt. 2017; 2017/21 stellv. Vors. und seit Dez. 2021 Vors. der FDP-Fraktion."
4184,Hostert,"1989/92 Grundschule in Sarajevo, Bosnien und Herzegowina, 1993/94 Grundschule in Wachtberg-Pech, Rhein-Sieg-Kreis, 1994/2000 Amos-Comenius-Gymnasium, Bonn, 2000/02 Oberstufe und Abitur (A-Levels), King's School Canterbury, Großbritannien. 2003/09 Studium Politikwissenschaft, Neuere Geschichte und Kunstgeschichte Univ. Bonn, Abschluss Magister Artium (M.A.). 2011/12 Mutterschutz und Elternzeit, 2012 Mitarbeiterin im SPD-Kreisverband Böblingen, 2013/16 Büroleiterin und parl. Mitarbeiterin bei Florian Wahl MdL, Böblingen, 2015/19 Geschichtsvermittlerin im Haus der Geschichte in Stuttgart, Jan. 2016/Okt. 2021 Geschäftsführerin der SPD-Regionalfraktion Stuttgart. 2019/22 Stadträtin in Böblingen. Seit 2009 Mitgl. der SPD, 2012/13 stellv. Vors. des Juso-Kreisverbands Böblingen, 2013/15 Mitgl. des Vorstand des SPD-Stadtverbands Böblingen, seit 2015 Vors. des SPD-Kreisverbands Böblingen, 2015/17 stellv. Vors. der AG Migration und Vielfalt in der SPD Baden-Württemberg, seit 2016 Mitgl. des Landesvorstands und Präsidiums der SPD Baden-Württemberg, seit 2018 stellv. Landesvors. der SPD Baden-Württemberg. Seit 2019 Regionalrätin im Verband Region Stuttgart. 2019/22 Präsidentin des Württembergischen Behinderten- und Rehabilitationssportverbands (WBRS), Mitgl. bei ProFamilia Böblingen e. V., Arbeiterwohlfahrt (AWO), Lebenshilfe Böblingen e. V., kulturnetzwerk blaues haus e. V., Patin bei SOS-Kinderdörfer weltweit. Seit 2022 Stiftungsversammlung Deutsche Schulsportstiftung, seit 2022 Mitgl. DOSB-Menschenrechtsbeirat. Bosnisch/Serbisch/Kroatisch, Englisch, Französisch. - MdB seit Okt. 2021."
3986,Nolte,"Realschulabschluss. Ausbildungen als Verkäufer, kaufm. Assistent für Fremdsprachen und Bürokommunikation. Seit 2008 Soldat, Oberbootsmann. - MdB seit Okt. 2017."
3507,Schwartze,"1990/94 Berufsausbildung. 1995 Fachabitur. 1998/2009 Industriemechaniker bei der Firma Kannegiesser in Vlotho. Seit 1991 Mitgl. der IG Metall, Mitgl. der Freiwilligen Feuerwehr, der AWO, des Kinderschutzbundes Vlotho und im Vlothoer Bündnis gegen das Collegium Humanum. Seit 1994 Mitgl. der SPD, seit 2006 Vors. der SPD im Kreis Herford, seit 2014 Vors. der SPD Region Ostwestfalen. 1999/2009 Kreistagsabgeordneter, 2004/09 stellv. Vors. der Kreistagsfraktion. Mitgl. DRK, Vors. THW-Helferverein, seit 2014 Mitgl. Verwaltungsrat der Diakonie im Kirchenkreis Vlotho. - MdB seit Okt. 2009. Seit Jan. 2022 Beauftragter der BReg für die Belange der Patientinnen und Patienten."
4319,Slawik,"Abitur 2012. Studium der Anglistik und Amerikanistik sowie der Kommunikations- und Medienwissenschaft an der Heinrich-Heine-Univ. in Düsseldorf, Auslandssemester in Leicester, England und Auslandspraktikum im Europäischen Parlament in Brüssel. 2018/21 Wissenschaftl. Mitarbeiterin im Landtag NRW für die Grünen Abgeordneten Wibke Brems MdL und Matthi Bolte MdL. 2009/22 Mitgl. der Grünen Jugend, seit 2013 von Bündnis 90/Die Grünen, 2013/15 Vorstand der Jungen Grünen Düsseldorf, 2015/17 Landesvorstand der Grünen Jugend NRW. - MdB seit Okt. 2021."
4127,Brandes,"Fachabitur Wirtschaft. Gelernter Industriekaufmann und Betriebswirt, Abschluss Betriebswirt VWA. 20jährige Berufserfahrung im Vertrieb, im Bereich der Lagerlogistik und der Buchhaltung. Seit 2013 Mitgl. der AfD, stellv. Vors. AfD-Region Hannover, seit 2018 Kreisvors. Kreisverband Hannover-Land, seit 2024 Mitgl. AfD-Bundesvorstand. Englisch. - MdB seit Okt. 2021."
4150,Fäscher,"1987 Abitur in Offenbach am Main. 1987/94 Studium der Publizistik, Politik und Betriebswirtschaft Johannes-Gutenberg-Univ. Mainz. 1995/98 Referentin für Marketing und Öffentlichkeitsarbeit der Landesentwicklungsgesellschaft (LEG) Thüringen mbH Erfurt, 1998/2001 Pressesprecherin und Bereichsleiterin für Kommunikation & Öffentlichkeitsarbeit bei der Messe Erfurt AG, Elternzeit, 2001/09 selbständige Tätigkeit als PR-Journalistin, PR-Beraterin, Texterin, Autorin, 2007/09 Aufbau einer Kinder- und Jugendzeitung mit jungen Redakteuren (Schüler/innen), Freie Redakteurin beim Oranienburger Generalanzeiger, 2009/14 Referentin für Presse- und Öffentlichkeitsarbeit bei der Stadt Hohen Neuendorf, seit 2014 Fachbereichsleiterin Marketing bei der Stadt Hohen Neuendorf, Pressesprecherin. Mitgl. ver.di, NmC Nordbahngemeinden mit Courage e. V., SDW Schutzgemeinschaft Deutscher Wald, Kulturkreis Hohen Neuendorf e. V., Lebenshilfe f. Menschen mit geistiger Behinderung e. V., Europaunion e.V., Englisch, Französisch. - MdB seit Okt. 2021."
3871,Föst,"Abitur am Rhön-Gymnasium. Lehre als Möbelverkäufer in Hamburg, anschl. Studium der Betriebswirtschaftslehre in Passau. Nach Stationen im elterlichen Unternehmen und in der Marketingbranche seit 2006 selbstständig im Bereich Marketing und Kommunikation. Seit 2005 Mitgl. der FDP, 2005 Vors. der Jungen Liberalen in München, 2010/14 Vors. der FDP München, 2013/17 Generalsekretär und 2017/21 Vors. der FDP Bayern, Spitzenkandidat der FDP Bayern im Bundestagswahlkampf 2017. 2008/13 Mitgl. Bezirkstag Oberbayern und Verwaltungsrat der Psychiatrischen Kliniken Oberbayern. Ehrenamtl. Mitgl. im Bezirkstag Oberbayern. - MdB seit Okt. 2017; bau- und wohnungspolitischer Sprecher der FDP-Fraktion; in der 19. WP Obmann der FDP-Fraktion im Ausschuss für Bau, Wohnen, Stadtentwicklung und Kommunen; stellv. Vors. der Deutsch-Japanischen Parlamentariergruppe."
3719,Rüffer,"Abitur. Studium der Politikwissenschaften und öffentliches Recht in Trier. Mitarbeiterin eines Landtagsabgeordneten. Auslandsaufenthalte in USA und England. Seit 1998 Mitgl. BÜNDNIS 90/DIE GRÜNEN, 10 Jahre Sprecherin des Grünen Kreisverbandes in Trier. Mitgl. des Trierer Stadtrates. Mitglied Multikulturelles Zentrum Trier e. V., Trierer Arbeitskreis für Montessori-Pädagogik e. V. - MdB seit Okt. 2013."
3955,Lucassen,"Studium der Wirtschaftswissenschaften an der Univ. der Bundeswehr in Hamburg. 34 Jahre Berufsoffizier bei der Bundeswehr, zuletzt Oberst im Generalstab, Verwendungen unter anderem als Hubschrauberpilot, Referent bei der Nato und im Bundesministerium der Verteidigung. 2007/17 Geschäftsführer eines eigenen Unternehmens, spezialisiert auf Themen der simulationsbasierten Ausbildung von Streitkräften. 2019/22 Landessprecher der AfD NRW. - MdB seit Okt. 2017; in der 19. WP und 20. WP Leiter Arbeitskreis Verteidigung; Obmann im Verteidigungsausschuss und verteidigungspolitischer Sprecher der AfD-Fraktion."
4002,Protschka,"Grund- und Hauptschule Mamming, Realschule Dingolfing. Lehre als Elektroinstallateur. Versicherungsvermittler (IHK) und Finanzanlagenfachmann (IHK). 17 Jahre Mitgl. der Jungen Union, 2010 Austritt, Mitgl. der AfD seit April 2013, bis 2022 Mitgl. Bundesvorstand, seit Okt. 2021 Landesvors. der AfD Bayern, Mai 2013/März 2022 Bezirksvors. Niederbayern, Seit 2020 Mitgl. im Kreistag Dingolfing-Landau. Mitgl. TSV Mamming, Theatergruppe Mamming, FFW Mamming (passiv), KRK Mamming und Rotes Kreuz. - MdB seit Okt. 2017; Obmann im Ausschuss für Ernährung und Landwirtschaft."
4283,Reinalter,"1989 Abitur Carl-Laemmle-Gymnasium Laupheim. Studium der Erziehungswissenschaften und Promotion zum Dr. phil. an der Univ. Frankfurt am Main. Berufliche Tätigkeiten als Bildungsreferentin für Erwachsenenbildung bei der Diözese Rottenburg-Stuttgart, Lehrerin für Berufl. Schulen mit Schwerpunkt Sozialpädagogik, Lehrbeauftragte an der Hochschule Ravensburg/Weingarten und an der Kath. Stiftungsfachhochschule München, seit 2020 Professur für Soziale Arbeit mit Schwerpunkt Jugendarbeit an der Hochschule Kempten. Seit 2009 Kommunalpolitikerin im Gemeinderat und Kreistag Biberach, bis 2022 Fraktionsvors. im Gemeinderat der Stadt Laupheim, 2009 Auszeichnung für kommunalpolitisches Ehrenamt mit dem Helene-Weber-Preis. Seit 2017 im Kreisvorstand, 2018/21 Frauenpolitische Sprecherin im Parteirat des Landesvorstands Bündnis 90/Die Grünen Baden-Württemberg. 2019/22 Erste Vors. des Landesfrauenrats Baden-Württemberg. Mitgl. der Mitgliederversammlung der Heinrich-Böll-Stiftung, Mitgl. im Beirat für Weiterbildung des Deutschen Volkshochschul-Verbands, Mitgl. im Senat der Fraunhofer-Gesellschaft. - MdB seit 2021; seit Dez. 2021 Parl. Geschäftsführerin und seit März 2024 Sprecherin für Bildung, Forschung und Technikfolgenabschätzung der Fraktion Bündnis 90/Die Grünen."
3717,Rohde,"Abitur. 2006/10 Jura Studium in Hannover, 2011/13 Referendariat, 2013 2. jur. Examen. Rechtsanwalt. Mitgl. der SPD seit 2002, 2009/19 Vors. der Ammerländer SPD, seit 2022 Vors. des SPD-Bezirks Weser-Ems. Ratsherr der Gemeinde Wiefelstede, Ammerländer Kreistagsabgeordneter. Mitgl. der Arbeiterwohlfahrt, Mitgl. des Bundespräsidiums der AWO; Mitgl. ver.di, SoVD. - MdB seit Okt. 2013; seit Mai 2020 haushaltspol. Sprecher der SPD-Fraktion."
4138,Dietz,"Abschluss der 10. Klasse, Ausbildung zum Buch- und Offsetdrucker. 20 Jahre tätig in der polygraphischen Industrie, anschließend selbständiger Unternehmer, seit 2017 Arbeit im Wahlkreisbüro eines Bundestagsabgeordneten. Stellv. Vors. und Pressesprecher AfD-Kreisverband Erzgebirge.  Vors. AfD-Kreistagsfraktion im Erzgebirgskreis, Mitgl. Stadtrat Lugau. Mitgl. Gewerbeverein Lugau-Gersdorf e. V., Mitgl.  Sächsische Israelfreunde e. V. ? MdB seit Okt. 2021."
3251,Juratovic,"1966/74 Grundschule in Kroatien, 1975/76 Hauptschule Gundelsheim, 1976/77 Berufsfachschule Metall Neckarsulm. 1977/79 Kfz-Mechaniker-Lehre in Bad Rappenau. 1981/83 tätig als Kfz-Mechaniker in Mannheim und Bad Friedrichshall, 1983/2000 tätig als Fließbandarbeiter und in der Qualitätssicherung bei Audi Neckarsulm, 2000/05 Betriebsrat bei Audi Neckarsulm. 1982 Eintritt SPD, 1984/91 Ortsvereinsvors. in Gundelsheim, 1986/89 stellv. Juso-Kreisvors., 1993/2011 stellv. Kreisvors. SPD Heilbronn-Land, 2011/17 Kreisvors., 1997/2013 Mitgl. Landesvorstand SPD Baden-Württemberg. 2004/16 Stadtrat Gundelsheim, 2009/11 Mitgl. Kreistag und 2009/14 Mitgl. Regionalversammlung Heilbronn-Franken. Mitgl. IG Metall, Naturfreunde, Bündnis gegen Rechts Heilbronn, AWO, VdK. 1995 Gründung der Friedensinitiative ""Neue Brücke"" ehemaliger Jugoslawen in der IG Metall, 2005 Gründung der ""Initiative Berufsabschluss - Jugendlichen eine Chance geben"", 2018 Friedenspreis Mostar Peace Connection. Kroatisch/Serbisch (f), Englisch (G). - MdB seit 2005; 2014/18 Integrationsbeauftragter der SPD-Fraktion, 2018/21 Mitgl. Fraktionsvorstand."
4316,Seitzl,"2008 Abitur. Ab 2009 Studium der Politik- und Verwaltungswissenschaften in Konstanz und Paris, Auslandsaufenthalte u. a. in Brüssel, Washington D.C. und Boston. 2015/21 wissenschaftliche Mitarbeiterin und Dozentin an der Universität St. Gallen, Abschluss Promotion im Febr. 2021. Mitgl. der SPD seit 2009, 2012/14 stellv. Landesvors. der Jusos BW, 2016/22 Vors. SPD-Ortsverein Konstanz, seit 2022 Co-Vors. SPD-Kreisverband Konstanz, Mitgl. im Landesvorstand der SPD BW. Seit 2019 Kreisrätin im Landkreis Konstanz, Sprecherin der SPD-Fraktion im Kultur- und Schulausschuss und Mitgl. im Technischen und Umweltausschuss. Vors. der Evangelischen Familienerholung e. V. Mitgl. im Kuratorium des Deutschen Studierendenwerks. Mitgliedschaften: AFS Interkulturelle Begegnungen e. V., Deutsch-Israelische Gesellschaft e. V., FES Ehemalige e. V., Förderverein Freunde der Scheffelhalle e. V., Konstanzer Konzilsverein, ver.di, VEUK, DRK, AWO. - MdB seit Okt. 2021; seit März 2024 stellv. Vors. Ausschuss für Bildung, Forschung und Technikfolgenabschätzung."
4254,Mordhorst,"2015 Abitur an der Humboldtschule Kiel. Studium der Rechtswissenschaften an der Christian-Albrechts-Univ. in Kiel. Seit 2017 Mitgl. der FDP und der Jungen Liberalen, 2019/22 Landesvors. der Jungen Liberalen Schleswig-Holstein, seit 2019 Mitgl. des Landesvorstandes der FDP Schleswig-Holstein. 2019/22 Mitgl. im Ausschuss für Soziales, Wohnen und Gesundheit der Landeshauptstadt Kiel. Mitgl. der Europa-Union, Mitgl. der Vereinigung Liberaler Juristen. Englisch, Latein, Spanisch. - MdB seit Okt. 2021; Leiter der AG Finanzen der FDP-Fraktion."
2944,Roth,"1991/97 Studium Politologie, Öffentliches Recht, Germanistik und Soziologie in Frankfurt/Main. Seit 1987 Mitgl. der SPD, 1996/2015 Vorstandsmitgl. SPD-Bezirk Hessen-Nord, 2009/14 Generalsekretär SPD Hessen, 2015/19 Vorstandsmitgl. der SPD Hessen, 2017/23 Mitgl. des SPD-Parteivorstands, 2021/23 Mitgl. des SPD-Präsidiums. Seit 2004 Mitgl. der Landessynode der Ev. Kirche Kurhessen-Waldeck. - MdB seit 1998; 2010/13 europapol. Sprecher der SPD-Fraktion, 2009/14 und 2017/18 Vors. der Landesgruppe Hessen der SPD-Fraktion. 2013/21 Staatsminister für Europa im Auswärtigen Amt, 2014/21 Beauftragter für die dt.-französische Zusammenarbeit; seit Dez. 2021 Vors. des Auswärtigen Ausschusses."
2869,Friedrich,"Studium der Rechtswissenschaften in München und Augsburg, 2. Staatsexamen 1986. Studium der Wirtschaftswissenschaften in Augsburg, Vordiplom für Diplom-Ökonomen 1986. Ab 1988 Bundesministerium für Wirtschaft, zuletzt Ministerialrat. 1991/98 Wirtschaftsreferent der CSU-Landesgruppe. Mitgl. der CSU seit 1974, seit 2011 Bezirksvors. der CSU Oberfranken. - MdB seit 1998; 2005/09 stellv. Vors. der CDU/CSU-Fraktion, Okt. 2009/März 2011 Vors. der CSU-Landesgruppe und 1. stellv. Vors. der CDU/CSU-Fraktion, März 2011/Dez. 2013 Bundesminister des Innern, Dez. 2013/Feb. 2014 Bundesminister für Ernährung und Landwirtschaft, 2014/17 stellv. Vors. der CDU/CSU-Fraktion, Okt. 2017/Okt. 2021 Vizepräsident des Bundestages."
4361,Zippelius,"Abitur am Heisenberg Gymnasium in Karlsruhe. Studium der Politik- und Rechtswissenschaften an der Leibniz Univ. Hannover und der Goethe Univ. Frankfurt am Main mit Abschluss. Berufsbegleitendes Masterstudium an der Steinbeiß Management School Stuttgart. 2016 Stipendiat an der National Chengchi Univ. in Taipeh. Bis 2017 Referent der Geschäftsführung Roland Stärk GmbH, 2017/19 Wahlkampfleiter und Geschäftsführer Kreisverband CDU Karlsruhe, 2019/21 Referent Stadtmarketing Public Affairs Ströer DSM. 2016/23 Mitgl. im Gemeinderat der Gemeinde Weingarten, seit 2019 Mitgl. des Kreistags im Landkreis Karlsruhe. 2017/21 Vors. CDU Weingarten, seit Jan. 2024 Kreisvors. CDU Karlsruhe-Land, seit 2021 Mitgl. im Landesvorstand der CDU Baden-Württemberg. Chinesisch, Englisch, Französisch. - MdB seit Okt. 2021."
4119,Berghahn,"Mittlere Reife 1979. Ausbildung zum Elektroinstallateur 1979/83. Tätigkeit in einem Möbelwerk 1984/2008, dort Mitgl. Betriebsrat 1994/2008, Vors. 1999/2008 und stellv. Konzernbetriebsratsvors. 2002/08. 2008 Tätigkeit bei der Beschäftigungsförderungsgesellschaft des Kreises Lippe. 2009 Dozent, 2010 pädagogischer Mitarbeiter bei einem Bildungsinstitut. Mitgl. der SPD, Vors. SPD-Ortsverein Istrup Wellentrup, stellv. Vors. SPD-Stadtverband Blomberg und des Kreisverbandes Lippe. Seit 2004 Mitgl. im Rat der Stadt Blomberg und stellv. Vors. im Ausschuss der Blomberger Immobilienverwaltung sowie Ortsvorsteher in Blomberg Istrup. MdL Nordrhein Westfalen Juni 2010/März 2012 und Mai 2012/Okt. 2021. Mitgl. der Gewerkschaft IG Metall seit 1984, Mitgl. der Freunde der Stiftung Eben Ezer e.V. und der AWO. - MdB seit Okt. 2021."
3994,Peterka,"2002 Abitur. 2002/03 Wehrdienst. 2003/10 Studium der Rechtswissenschaften Univ. Bayreuth, 2004/10 Studium Wirtschaftsjurist Univ. Bayreuth, seit 2010 Graduate School Bayreuth, Dissertation. 2005/09 selbstständig, Einzelunternehmer. 2012/16 Jurist, Insolvenzverwaltung sowie Rechtsabteilungen von Mittelständlern. 2015/16 Lehrauftrag für Wirtschafts- und Arbeitsrecht an der Fachschule für Hotelmanagement Pegnitz, seit 2016 Jurist im öffentlichen Dienst. Seit März 2013 Mitgl. der AfD, Gründungsmitgl. Landesverband Bayern, 2013/18 Kreisvors. der AfD Bayreuth, 2013/15 Landesvors. Junge Alternative Bayern, seit 2015 Bezirksvors. der AfD Oberfranken. - MdB seit Okt. 2017."
4050,Teuteberg,"Abitur am Kath. Gymnasium Bernhardinum in Fürstenwalde. Studium der Rechtswissenschaften und der Volkswirtschaftslehre an der Univ. Potsdam, Stipendium der Studienstiftung des deutschen Volkes, Abschluss Erstes Jur. Staatsexamen. Wiss. Mitarbeiterin. Referendariat beim Kammergericht Berlin, Abschluss Zweites Jur. Staatsexamen. Stellv. Vors. Gegen Vergessen - Für Demokratie e. V., stellv. Vors. Ludwig-Erhard-Stiftung e. V., stellv. Vors. Deutsche Gesellschaft e. V., Mitgl. der Synode der EKD. 1998 Eintritt bei den Jungen Liberalen, 2000 in die FDP, seit 2011 Mitglied FDP-Bundesvorstand, seit 2015 Vors. FDP-Kreisverband Potsdam. 2019/20 Generalsekretärin der FDP, 2019/21 Landesvors. FDP Brandenburg. MdL Brandenburg 2009/14. - MdB seit Okt. 2017; 2018/20 Obfrau im Ausschuss für Inneres und Heimat; 2018/21 migrationspolitische Sprecherin der FDP-Fraktion."
3428,Klein,"1979 Abitur in Neunkirchen. 1979/86 Volkswirtschaftsstudium in Bonn, 1986 Diplom-Volkswirt. 1980/84 Abgeordnetenmitarbeiter im Deutschen Bundestag; 1986/87 Praktikum in Australien. 1987/95 Leitender Mitarbeiter mittelständischer Firmen. 1983/89 Vors. der JU im Sauer-/Siegerland, 2001/18 Mitgl. im CDU-Landesvorst., 2003/23 CDU-Kreisvors. in Siegen-Wittgenstein, 2004/15 Landesvors. Ev. Arbeitskreis der CDU in NRW. 1984/2005 Ratsmitgl. in Burbach, 1992/96 Bürgermeister in Burbach; 1995/2009 Mitgl. Landtag von Nordrhein-Westfalen. Englisch (f), Französisch (G). - MdB seit Okt. 2009; seit 19 WP. Vors. der AG Wirtschaftliche Zusammenarbeit und Entwicklung der CDU/CSU-Fraktion."
4070,Ziemiak,"1998 Eintritt in die Junge Union, seit 2001 Mitgl. der CDU. 2009/12 Bezirksvors. Junge Union Südwestfalen, 2012/14 Landesvors. Junge Union Nordrhein-Westfalen, 2014/19 Mitgl. Rat der Stadt Iserlohn, dort bis 2017 stellv. Fraktionsvors, 2014/19 Bundesvors. Junge Union, seit 2017 Mitgl. geschäftsführender Landesvorst. der CDU NRW. Mitgl. der 16. Bundesversammlung. Seit 2017 Mitgl. der Konrad-Adenauer-Stiftung, seit 2019 Mitgl. des Vorstands, 2018/22 Generalsekretär der CDU Deutschlands, seit Nov. 2022 Generalsekretär der CDU NRW und Bezirksvors. CDU Südwestfalen, seit 2024 Mitgl. CDU-Bundesvorstand. - MdB seit Okt. 2017; seit 2022 Vors. der Dt.-Polnischen Parlamentariergruppe."
3796,Ryglewski,"2002/09 Studium der Politikwissenschaft an der Univ. Bremen, Dipl.-Politologin, Nebenfach Geographie. Seit 2001 Mitgl. der SPD, 2006/08 Mitgl. im Landesvorstand der Jusos Bremen, 2008/12 Juso-Landesvors., seit 2010 stellvertretende SPD-Landesvors. Bremen, 2009/11 Arbeit als Koordinatorin im Programm Wohnen in Nachbarschaft. 2011/15 Mitgl. der Bremischen Bürgerschaft, Sprecherin für Verbraucherpolitik der SPD-Bürgerschaftsfraktion. Seit 2012 Sprecherin des Themenforums Verbraucherpolitik der SPD. Seit 2017 Beisitzerin im SPD-Parteivorstand. Seit 2018 stellv. Sprecherin der Arbeitsgruppe Kommunalpolitik. Seit 2021 Präsidentin der AWO Bremen. Mitgl. der Gewerkschaft ver.di. - MdB seit Juli 2015. 2019/21 Parl. Staatssekretärin beim BMin der Finanzen, seit 2021 Staatsministerin beim Bundeskanzler."
4327,Stöber,"1982/86 Studium Univ. Leipzig. 1990/92 Hauptbuchhalter. Seit 1992 selbstständiger Steuerberater. Seit 2015 Mitgl. der AfD, 2016/18 Mitgl. Landesvorstand AfD Thüringen, Beisitzer AfD-Kreisverband Westthüringen. Seit 1994 Gemeinderat Wutha-Farnroda, Vors. der AfD-Fraktion im Kreistag Wartburgkreis. Vors. Kommunalpolitische Vereinigung VKKTH. 2010 Gründer und Vors. einer Bürgerinitiative, Vors. Tennisclub Ruhla. - MdB seit Okt. 2021."
4177,Hennig,"Deutsche und australische Staatsbürgerschaft. 1984 Wirtschaftsabitur an der Privatschule Völker in Osnabrück. 1986/88 Taxifahrerin, 1989/2001 Büroangestellte, 2002/06 Taxifahrerin, Mitarbeiterin im Einzelhandel in Australien bei einem deutschen Discounter. 2007/08 Aufenthalt mit Kindern in Australien. 2009 Zertifizierung als qualifizierte Kindertagespflegeperson, 2009/21 Berufstätigkeit in der Kindertagespflege an einer Grundschule in Bramsche, gemeinsames Mittagessen, Hausaufgabenbetreuung und Nachmittagsangebote. Seit 1986 Mitgl. der SPD. Seit 2011 Mitgl. Ortsrat Achmer, seit 2018 Ortsbürgermeisterin Achmer, 2015/21 Mitgl. Rat der Stadt Bramsche, Vors. des Ausschusses für Soziales und Sport, Mitgl. des Ausschusses für Schule und Kultur, seit 2021 Mitgl. im Kreistag, Mitgl. Ausschuss BKS Bildung, Kultur, Soziales. Vereinsmitgliedschaften: Kuratorium der Bundesstiftung Magnus Hirschfeld, Humanistische Vereinigung K.d.ö.R., Schützenverein Achmer e. V. von 1986, Heimatverein Achmer e. V., Arbeiterwohlfahrt, Verein zur Pflege von Städtepartnerschaften Bramsche e. V., Hospizverein Bramsche e. V., Gemischter Chor Achmer (passiv), Landesfrauenrat Niedersachsen. Englisch. - MdB seit Okt. 2021; Tierschutzbeauftragte der SPD-Fraktion, stellv. Sprecherin des Ausschusses für Familie, Senioren, Frauen und Jugend, stellv. Sprecherin der AG Queer der SPD-Fraktion."
4105,Andres,"1992/95 Ausbildung zur Steuerfachangestellten, anschl. bis 2012 Berufstätigkeit im Bereich Steuerberatung und Wirtschaftsprüfung; zugleich 1995/96 Fachhochschulreife auf Zweitem Bildungsweg, 1996/99 Wirtschaftsfachschule Kaufm. Bildungsanstalten der Stadt Bonn, Abschluss staatl. geprüfte Betriebswirtin in der Fachrichtung Steuern und 1998/99 Bilanzbuchhalterlehrgang mit Abschluss zur geprüften Bilanzbuchhalterin (IHK). 2003/06 Elternzeit. 2017/19 Amtsleiterin Kämmerei und Steueramt in einer kleinen Gemeindeverwaltung, 2019/21 Projektentwicklung und Projektmanagement, seit 2021 Referentin in einem öffentlich-rechtlichen Bankeninstitut. Mitgl. der SPD seit 1986, 2004/22 Mitgl.Vorstand der SPD Erftstadt, 2013/19 stellv. Vors. der SPD im Rhein-Erft-Kreis, 2019/22 Vors. Kreisverband SPD Rhein-Erft. 2009/18 Mitgl. im Rat der Stadt Erftstadt und 2014/22 Mitgl. im Kreistag des Rhein-Erft-Kreises, dort 2020/22 stellv. Vors. 2012/17 MdL Nordrhein-Westfalen. - MdB seit Okt. 2021."
4058,Vieregge,"Realschule Extertal, Abitur am Hanse-Berufskolleg. Ausbildung zur Industriekauffrau bei der Firma decor metall. Dietrich-Bonhoeffer-Berufskolleg, Abschluss als staatlich geprüfte Betriebswirtin. 10 Jahre 2000/10 Mitarbeiterin eines Landtagsabgeordneten im lippischen Wahlkreisbüro. 2010/17 Lippische Landesbrandversicherung, 2011 Weiterbildung zur Versicherungsfachfrau und anschließend zur Marketingassistentin, zuletzt zuständig für die Öffentlichkeitsarbeit und Schadensprävention. Seit 1999 Mitgl. der CDU, 2000/10 Gemeindeverbandsvors. der CDU Extertal. 2004/20 Mitgl. Kreistag, 2011/18 stellv. Landrätin. Mitgl. CDA, Dorfgemeinschaft Göstrup, Freiwillige Feuerwehr Almena, Freunde des ländlichen Raumes Extertal, Heimat- und Verkehrsverein Sternberg, Landfrauen Extertal, Stiftung Für Lippe und Gesundheitsstiftung Lippe. - MdB seit Okt. 2017."
3832,Bleck,"2005 Mittlere Reife an der Heinrich-Heine-Realschule in Neuwied, 2009 Allg. Hochschulreife an der David-Roentgen-Schule in Neuwied. Seit 2009 Studium Deutsch und Erdkunde für das Lehramt an Realschule plus an der Univ. Koblenz-Landau. 2016/17 Büroleiter bei Dr. Jan Bollinger, Parl. Geschäftsführer der AfD-Fraktion im Landtag Rheinland-Pfalz. 2010/13 CDU-Mitgl.; seit 2013 AfD-Mitgl., 2013/15 stellv. Kreisvors. der AfD Neuwied, 2015/17 Beisitzer im Bundesvorst. der Jungen Alternative für Deutschland, 2016/17 Beisitzer im Landesvorst. der AfD Rheinland-Pfalz. Seit 2014 Mitgl. des Kreistages Neuwied, 2014/16 stellv. AfD-Fraktionsvors. im Kreistag Neuwied, 2016/22 AfD-Fraktionsvors. im Kreistag Neuwied. Seit 2002 Schiedsrichter im Fußballverband Rheinland. 2012 Ehrennadel in Silber für zehn Jahre Tätigkeit als Schiedsrichter. Seit 2010 Mitgl. der Bürgerbewegung Pax Europa. - MdB seit Okt. 2017."
3525,Stier,"1971/81 POS. 1981/83 Ausbildung Zootechniker/Mechanisator. Fernstudium FH Stadtroda und HU Berlin, 1989 Dipl.-Ing. agr. 1985/89 Schicht- und Abteilungsleiter ZBE Milchprod. Reichardtswerben, 1989/91 Leiter Gut Storkau, 1992/95 Arbeitsgruppenleiter Amt für Landwirtsch. und Flurneuordnung Süd Sachsen-Anhalt. Seit 1990 geschäftsf. Vorstand Weißenfelser Reitverein e. V., Leiter Reit-, Zucht- und Ausbildungsstall Markwerben mit Landwirtschaftsbetr., seit 1997 Inhaber Agentur für Tierversicherungen. Richter Pferdesport und -zucht. Seit 1999 Mitgl. der CDU, seit 2003 Mitgl. CDU-Kreisvorst. Weißenfels, 2007/18 stellv. Vors. und seit 2018 Vors. CDU-Kreisverb. Burgenlandkreis, Mitarbeit CDU-LFA Landwirtschaft, 2010/12 Beisitzer CDU-Landesvorst. Sachsen-Anhalt. 1994/2019 Mitgl. Kreistag, 2004/07 stellv. CDU-Fraktionsvors., 2007/19 Vors. Kreistag; 1999/2014 Mitgl. Stadtrat Weißenfels, 2000/09 CDU-Fraktionsvors.; 2007/14 Mitgl. Verwaltungsrat Kreissparkasse Weißenfels/Sparkasse Burgenlandkreis; 2005/14 Vors. des Gemeinschaftsaussch. Verwaltungsgemeinsch. ""Weißenfelser Land"". 2010/14 1. Vizepräs. und Vors. d. LK für Pferdeleistungsprüfungen im LV d. RFV Sachsen-Anhalt, März 2019/April 2023 stellv. Vors. Pferdezuchtverband Brandenburg/Anhalt e. V. Russisch (G). - MdB seit Okt. 2009; 2013/21 stellv. Vors. der CDU-Landesgruppe Sachsen-Anhalt; in der 19. WP stellv. Vors. Sportausschuss."
3976,Müller,"Schulbesuch in Rostock, Austauschschülerin in den USA 1998/99 in Tennessee und Wisconsin, Abitur 2002. Studium internationale Betriebswirtschaftslehre FH Stralsund (inkl. Auslandssemester in Kristiansand, Norwegen). 2000/11 freiberufliche Reiseleiterin, Sep. 2010/Sep. 2011 Fraktionsgeschäftsführerin Bürgerschaftsfraktion Forum Kommunalpolitik Stralsund, 2011/14 Fraktionsgeschäftsführerin Kreistagsfraktion BÜNDNIS 90/DIE GRÜNEN. 2011 Eintritt bei BÜNDNIS 90/DIE GRÜNEN, Okt. 2012/Feb. 2018 Vors. BÜNDNIS 90/DIE GRÜNEN Mecklenburg-Vorpommern. Mitgl. der Bürgerschaft der Hansestadt Stralsund 2014/18, Mitgl. Kreistag Vorpommern-Rügen Sep. 2011/Feb. 2022, Fraktionsvors. Kreistagsfraktion Jun. 2014/Jan. 2018, 2. stellv. Kreistagspräsidentin Jun. 2019/Jan. 2022. Mitgl. der Europa-Union. - MdB seit Okt. 2017; Jan. 2022/Jan. 2023 Koordinatorin der Bundesregierung für Maritime Wirtschaft und Tourismus, seit Jan. 2023 Parlamentarische Staatssekretärin beim Bundesminister für Ernährung und Landwirtschaft."
3151,Spahn,"Abitur 1999. Ausbildung zum Bankkaufmann. Studium der Politikwissenschaften (Master of Arts). Seit 2005 Vors. des CDU-Kreisverb. Borken, seit Dez. 2014 Mitgl. im Präsidium der CDU Deutschlands. 1999/2009 Mitgl. im Rat der Stadt Ahaus, 2009/15 Mitgl. des Kreistags Kreis Borken. Mitgl. in diversen Vereinen und Verbänden. - MdB seit Okt. 2002; 2005/09 Obmann und 2009/15 Vors. der AG Gesundheit der CDU/CSU-Fraktion; Juli 2015/März 2018 Parl. Staatssekretär beim BMin der Finanzen, März 2018/Dez. 2021 Bundesminister für Gesundheit; seit Dez. 2021 stellv. Vors. der CDU/CSU-Fraktion."
4123,Bodtke,"Lehre zum Fleischer. Grundwehrdienst. Abgeschl. Studium zum Ingenieur für Fleischwirtschaft - Instrukteur Insemination Rind - fachliche Anleitung von Besamungstechnikern bei der Tierzucht. Großkundenbetreuung für Tiefkühlkosthersteller. Seit 1990 selbstständig mit einer LVM-Versicherungsagentur. Seit 1996 Inhaber Hit-Reisebüro. 2017 Abschluss Finanzanlagenfachmann (IHK). Stellv. Kreisvors. der FDP Mansfeld Südharz, Landesvors. Liberaler Mittelstand (LIM) von Sachsen-Anhalt, Generalsekretär im Bundesvorstand Liberaler Mittelstand, Mitgl. Bundesfachausschuss Religion und Weltanschauung, Mitgl. im Landesfachausschuss Wirtschaft. Organist, Dirigent und Seelsorger in der Neuapostolische Kirche. - MdB seit Okt. 2021."
3716,Rimkus,"Fachoberschulreife 1979. Berufsausbildung, 1983 Energieanlagenelektroniker. 1983/84 Wehrdienst. Qualitätsmanager Netze, seit 1979 bei den Stadtwerken Düsseldorf. 1998 Eintritt in die SPD, 2007/11 stellv. Vors. SPD Düsseldorf, April 2011/Feb. 2021 Vors. der SPD Düsseldorf, 2012/21 Mitgl. Landesvorst. NRWSPD. 2009/13 Ratsmitgl. in Düsseldorf. ver.di - Vertrauensmann, 2002/13 Betriebsrat der Stadtwerke Düsseldorf, Mitgl. Friedrichstädter Reserve, Närrisch Welthus, Bilker Heimatfreunde, Martinsfreunde Bilk, Mitgl. ASB Arbeiter-Samariter-Bund und Mitgl. Hospizverein Caritas Garath. Mitgl. im VDE. Seit 2014 Mitgl. im parl. Beirat des Bundesverbandes Elektromobilität, 2014/20 Mitgl. im Aufsichtsrat der Flughafen Düsseldorf GmbH, 2015/24 Beisitzer im Vorst. des Dt. Mieterbundes NRW, Mitgl. im Aufsichtsrat, Gesellschafter der AWO Berufsbildungszentrum gGmbH, Mitgl. im Aufsichtsrat, 2018/2021 stellv. Gesellschafter der AWO Familienglobus gGmbH, Mitgl. im Vorstand der AWO.DUS GmbH, Mitgl. und Vors. im Stiftungsbeirat der AWO Düsseldorf, seit 2018 stellv. Vors. der AWO Düsseldorf, seit 2020 Mitgl. im Politischen Beirat des Wirtschaftsforums der SPD e. V., seit März 2023 Mitgl. im Zukunftsrat der Westenergie AG. - MdB seit Okt. 2013; Sprecher des Parlamentskreises Sektorkopplung, 2013/17 stellv. verkehrspolitischer Sprecher der SPD-Fraktion, seit 2022 Wasserstoffbeauftragter der SPD-Ffraktion."
3454,Lindner,"Abitur 1998. Major d. R. Studium der Politikwissenschaft, des Öffentlichen Rechts und der Philosophie an der Univ. Bonn, Magister Artium. 1997/2004 in der Werbebranche selbstständig. 2000/01 Teilhaber eines Start-up-Unternehmens. Mitgl. der FDP seit 1995, seit 1998 Mitgl. NRW-Landesvorstand der FDP, 2004/10 Generalsekretär der FDP NRW, 2009/11 Generalsekretär der FDP, 2012/17 Landesvors. FDP NRW, seit Dez. 2013 FDP-Bundesvors. MdL Nordrhein-Westfalen 2000/09 und 2012/17, 2012/17 Vors. der FDP-Fraktion im Landtag. Seit Dez. 2021 Bundesminister der Finanzen. - MdB 2009/12 und seit Okt. 2017; 2017/21 Vors. der FDP-Fraktion."
3258,Koeppen,"Elektromonteur, Meister Industrieelektrotechnik, Meister Elektroinstallateurhandwerk, 1990/2010 selbstständiger Unternehmer; 1989 Mitgl. Neues Forum; 2001/22 Kreisvors. CDU Uckermark; seit 2003 Mitgl. im Landesvorst. der CDU Brandenburg; 2003/24 Kreistagsabgeordneter im Kreistag Uckermark. Bundesverdienstkreuz am Bande. - MdB seit 2005; 18. WP Vors. Ausschuss Digitale Agenda; 17.-19. WP Obmann der Schriftführer und Mitgl. im Ältestenrat; Vorstandsmitgl. Parlamentskreis Mittelstand, dort Vors. Kommission Handwerk; Vors. Landesgruppe der CDU Brandenburg im Deutschen Bundestag."
4277,Plobner,"2011 Abitur am Leibnitz Gymnasium in Altdorf. Studium der Politikwissenschaften und Geschichte an der Friedrich-Alexander-Univ. in Erlangen, 2014 beendet ohne Abschluss. Danach Anwärter des gehobenen Dienstes bei der Stadt Nürnberg und duales Studium der Verwaltungswissenschaften an der Hochschule des öffentlichen Dienstes in Bayern, 2018 Dipl.-Verwaltungswirt (FH). Standesbeamter bei der Stadt Nürnberg. 2012 Eintritt in die SPD, ab 2017 stellv. Vors. und ab 2019 1. Vors. der SPD Altdorf bei Nürnberg, seit Frühjahr 2021 Vors. der SPD Nürnberger Land mit Martina Baumann; 2019/21 stellv. Vors. der Jusos im Bezirk Mittelfranken. Seit 2020 Mitgl. im Kreistag Nürnberger Land, dort Fraktionsgeschäftsführer und Mitgl. im Bildungsausschuss. Mitgl. der Gewerkschaft ver.di und unterstützt soziale Projekte wie das Willy Brandt Center Jerusalem, den ASB und das THW. - MdB seit Okt. 2021."
3865,Esdar,"2003 Abitur am Helmholtz-Gymnasium in Bielefeld. 2003/10 Studium an der Universität Bielefeld Psychologie auf Diplom sowie Sozialwissenschaften und Geschichte auf Bachelor, 2015 Promotion. Seit 2010 Tätigkeit an der Univ. Bielefeld, (derzeit freigestellt) Leiterin Projekt HeLGA - Heterogenitätsorientierte Lehre - Gelingensbedingungen und Anforderungen. Seit 2005 Mitgl. der SPD, 2011/14 Vors. der Bielefelder Jusos, seit März 2016 Vors. der Bielefelder SPD. Juni 2014 /April 2018 Mitgl. im Rat der Stadt Bielefeld. Vors. Wissenschaftsforum der Sozialdemokratie. Aufsichtsratsvors. der Stadtwerke Bielefeld, Mitgl. im Aufsichtsrat der Stadtwerke Gütersloh sowie im Aufsichtsrat der Elektrizitätsversorgung Werther. - MdB seit Okt. 2017; seit Nov. 2022 Vors. Gremium ""Sondervermögen Bundeswehr""."
3495,Rößner,"Studium Musik-, Filmwissenschaft und Kunstgeschichte in Frankfurt/Main, Journalismus und Öffentliches Recht in Mainz, M.A. Stipendiatin des GMF, bis 2009 freie Journalistin/Redakteurin. Ehrenamtlich: Elternarbeit und Kommunalpolitik. 1986 Mitgl. BÜNDNIS 90/DIE GRÜNEN, 2001/06 Landesvors. BÜNDNIS 90/DIE GRÜNEN Rheinland-Pfalz. Mitgliedschaften: Beirat Bundesnetzagentur, Fachausschuss Kommunikation/Information der Dt. Unesco-Kommission, Kuratorium GIHF-AI, Kuratorium Fridtjof-Nansen-Akademie Ingelheim, Beirat Leiseres Mittelrheintal der DB, Bundesverband Smart City, Vorstand Rheinhessen gegen Rechts, Urstrom eG, Neue Energie Bendorf eG, BUND, VCD, WIR gegen Bahnlärm in der VG Weißenthurm, Initiative Klima-, Umwelt- und Lärmschutz im Luftverkehr Mainz, ver.di, Europa-Union, Fallschirm Mensch, Freundeskreis Gutenberg, Open Ohr, Meenzer Drecksäck, Draiser Lerchen, Aufsichtsrat der DigitalService GmbH des Bundes. - MdB seit Okt. 2009; seit Dez. 2021 Vors. Ausschuss für Digitales, stellv. Mitgl. PV Europarat."
4260,Nanni,"Aufgewachsen in Waltrop, Abitur in Münster. Studium in Bordeaux, Stuttgart und Frankfurt am Main. Als Friedens- und Konfliktforscherin tätig mit Stationen an der HSFK Hessische Stiftung Friedens- und Konfliktforschung, der RWTH Rheinisch-Westfälische Technische Hochschule in Aachen und zuletzt an der HSD Hochschule Düsseldorf im Horizon 2020 Projekt der EU ""Dialogue about Radicalisation and Equality"". Englisch, Französisch. - MdB seit Okt. 2021."
3772,Whittaker,"Abitur 2004 am Markgraf-Ludwig-Gymnasium in Baden-Baden. Zivildienst 2004/05. 2005/08 Bachelor of Science Studium und Abschluss der Volks- und Betriebswirtschaft in Bristol (Großbritannien). 2008/09 Assistent der Geschäftsleitung der LEONI AG in Roth bei Nürnberg. 2009/10 Master of Science Studium und Abschluss im Fach European Political Economy in London (Großbritannien). 2011/13 Assistent der Geschäftsleitung der Herrenknecht AG in Schwanau bei Lahr. Mitgl. der CDU, seit 2015 Mitgl. im Bezirksvorstand der CDU Nordbaden, seit 2022 Kreisvors. der CDU Baden-Baden. Mitgl. Gemeinderat Baden-Baden 2004/09. - MdB seit Okt. 2013; 2018/21 Obmann im Parlamentarischen Beirat für Nachhaltige Entwicklung."
3833,Boehringer,"1988 Abitur am Mörike-Gymnasium Göppingen. Wehrdienst. Kaufm. Ausbildung, 1991/95 Studium an der European Business School, Oestrich-Winkel, Diplom-Informatiker (FH) und Diplom-Kaufmann. Unternehmensberater, Unternehmer, Investmentmanager, seit 2002 freier Publizist und Vermögensberater. Gründungsvorstand der Deutschen Edelmetall-Gesellschaft, Beiratsvors. ""Sachwerte GmbH"", größte dt. Einkaufsgemeinschaft für Sachwerte. Träger der klassisch-liberalen Roland-Baader-Auszeichnung. 2018/21 Mitgl. des Kuratoriums (ehrenamtlich) der Deutschen Stiftung für Internationale Rechtliche Zusammenarbeit (IRZ), seit 2013 Mitgl. der Friedrich August von Hayek-Gesellschaft e. V., seit 2022 Kurator der Stiftung ""Finanzierung der kerntechnischen Entsorgung"". Seit 2015 Mitgl. der AfD, seit Juni 2022 stellv. Bundessprecher der AfD. - MdB seit Okt. 2017; seit Dez. 2017 haushaltspol. Sprecher der AfD-Fraktion, 2018/21 Vors. Haushaltsausschuss, Mitgl. Parlamentskreis Fahrrad."
3619,Hakverdi,"1988 Abitur am Gymnasium Kirchdorf/Wilhelmsburg, 1986 High School Diploma an der Simi Valley High School, CA, USA. 1994 1. jur. Staatsexamen an der Christian-Albrechts-Universität Kiel, 1995/96 Indiana University, School of Law, IN, USA; Referendariat am Oberlandesgericht Oldenburg, 1999 2. jur. Staatsexamen. 2000 Zulassung zum Rechtsanwalt, 2002 Gründung der Kanzlei Metin Hakverdi. Mitgl.  Honigfabrikverein, Verein Zukunft Elbinsel, der AWO, Förderverein Bürgerhaus Wilhelmsburg, Bürgerverein Wilhelmsburg,  Europa-Union Hamburg. 2002 Eintritt in die SPD. März 2008/Okt. 2013 Mitgl. der Hamburgischen Bürgerschaft. - MdB seit Okt. 2013."
3618,Hahn,"Berufsausbildung (Schriftsetzer) mit Abitur. 1984/89 Studium als Lehrer für Deutsch/Geschichte Humboldt-Univ. Berlin, anschl. Forschungsstudium Politikwissenschaft, 1994 Promotion zum Dr. rer. soc. 1991/94 Wissenschaftlicher Mitarbeiter der Fraktion LL/PDS im Sächsischen Landtag. Mitgl. der SED 1985/89 und der PDS (jetzt DIE LINKE) seit 1990, 1990 Mitgl. des Zentralen Runden Tisches der DDR (AG Bildung, Erziehung, Jugend), 1991 Mitgl. Bundesvorst., 1991/95 Mitgl. Landesvorst. Sachsen, 1992/99 Mitgl. Bundesparteirat der PDS. 1994 /2008 Fraktionsvors. der PDS im Kreistag Sächsische Schweiz, seit 2008 Mitgl. im Kreistag Sächsische Schweiz-Osterzgebirge, 1999/2002 Stadtrat in Heidenau. Mitgl. der GEW. MdL Sachsen Dez. 1994/Okt. 2013, 1995/Juli 2007 Parl. Geschäftsführer, August 2007/Juli 2012 Vors. der Fraktion DIE LINKE. - MdB seit Okt. 2013; bis 2021 stellv. Vors. der Fraktion DIE LINKE., bis 2023 Mitgl. Parl. Kontrollgremium und sportpolitischer Sprecher der Fraktion DIE LINKE; Mitgl. der Gruppe Die Linke."
3233,Haßelmann,"Abitur. Diplom Sozialarbeiterin. Seit 1989 für die Grünen aktiv, seit 1994 Mitgl. der Partei, Juni 2000/Feb. 2006 Landesvors. Bündnis 90/Die Grünen in Nordrhein-Westfalen. - MdB seit Okt. 2005; 2013/21 Erste  Parl. Geschäftsführerin und seit Dez. 2021 Vors. der Fraktion Bündnis 90/Die Grünen."
3632,Hitschler,"Magister Politikwissenschaft, Öffentliches Recht, Wirtschafts- und Sozialgeschichte an der Univ. Mannheim. 2008/10 Referent des Oberbürgermeisters der Stadt Landau; bis 2013 persönlicher Referent des Präsidenten der Struktur- und Genehmigungsdirektion Süd und Leiter des Einheitlichen Ansprechpartners Rheinland-Pfalz. Vorstandsmitgl. SPD Pfalz. Mitgl. u. a. bei ver.di, Naturfreunde, 1. FC Kaiserslautern, Europa Union, Reservistenverband, Bundeswehrsozialwerk, Reichsbanner Schwarz-Rot-Gold, Präsident AWO Pfalz. Englisch, Französisch. - MdB seit Okt. 2013; Sprecher der rheinland-pfälzischen Landesgruppe; seit Dez. 2021 Parl. Staatssekretär beim BMin. der Verteidigung."
3455,Linnemann,"1997 Abitur, Paderborn. 1997/98 Wehrdienst, Augustdorf. 1998 Angestellter in einem mittelständischen Unternehmen (Buchhandel), Paderborn. 1999/2002 Studium der Betriebswirtschaftslehre, FHDW Paderborn, Abschluss Dipl.-Kaufmann (FH). 2002/06 Promotionsstudium der Volkswirtschaftslehre, TU Chemnitz, Abschluss Dr. rer. pol. Diplom-Volkswirt. 2003/04 wiss. Mitarbeiter und Lehrbeauftragter am Lehrstuhl für Makroökonomie, TU Chemnitz. 2006/07 Assistent des Chefökonomen der Deutschen Bank, Prof. Norbert Walter, und Volkswirt bei Deutsche Bank Research, Frankfurt. 2007/09 Volkswirt bei der IKB Deutsche Industriebank, Düsseldorf. 2004/08 Mitgl. Rat der Gemeinde Altenbeken. Seit 2010 Gründer und Vors. der Stiftung Lebenslauf. 2013/21 Bundesvors. der Mittelstandsunion der CDU/CSU. Seit 2013 Mitgl. im Bundesvorstand. Ab 2022 stellv. Bundesvors. und seit Juli 2023 kommissarischer Generalsekretär der CDU. - MdB seit Okt. 2009; 2018/21 stellv. Vors. der CDU/CSU-Fraktion."
4082,Bubendorfer-Licht,"Selbstständige Übersetzerin und Dolmetscherin. Seit 1998 Mitgl. der FDP, seit 2006 Vors. des FDP-Kreisverbandes Mühldorf am Inn, seit 2011 Mitgl. des Landesvorstandes der FDP Bayern, 2012/18 stellv. Bezirksvors. der FDP Oberbayern. Seit Nov. 2017 Mitgl. im Kreisrat des Landkreises Mühldorf am Inn, seit Mai 2020 Gemeinderätin Gemeinde Ampfing. Englisch, Italienisch, Französisch, Latein. - MdB seit Dez. 2019."
3841,Breymaier,"1976/82 Ausbildung und Tätigkeit als Einzelhandelskauffrau; Jugendvertreterin, Betriebsrätin, Mitgl. Gesamtbetriebsrat bei Horten. 1982/2002 Gewerkschaftssekretärin bei DAG und ÖTV in Mannheim, Göppingen und Stuttgart; 2002/07 stellv. Vors. des DGB Baden-Württemberg; 2007/16 ver.di-Landesbezirksleiterin Baden-Württemberg. Seit 1982 SPD-Mitgl., 2004/09 Mitgl. der Regionalversammlung Verband Region Stuttgart, 2009/16 stellv. SPD-Landesvors., 2016/18 Landesvors. SPD Baden-Württemberg, 2017/21 Mitgl. SPD-Parteivorst. 1999/2005 und 2008/10 Verwaltungsratsmitgl. Barmer, 2002/08 altern. Vors. Vertreterversammlung der Dt. Rentenvers. Baden-Württemberg, 2008/16 Schöffin am Verfassungsgerichtshof Baden-Württemberg (vorm. Staatsgerichtshof), Arbeitnehmervertreterin in den Aufsichtsräten der Reisser GmbH, Randstad und der Bausparkasse Schwäbisch-Hall (jew. eine volle Amtszeit zw. 1994 und 2008). Mitgl. ver.di, NaturFreunde, AWO, pro familia, efa - eislinger-frauen-aktion e. V., Krebsverband Baden-Württemberg e. V., ACE, VdK, ASV Eislingen, VVN, Weißer Ring, Fördermitgl. KONTEXT, Gründungs- und Vorstandsmitgl. SISTERS - für den Ausstieg aus der Prostitution! e. V., Willy-Brandt-Zentrum e. V., Mach meinen Kumpel nicht an!, Förderverein Schwäbischer Dialekt e. V., Trägerverein ehem. Synagoge Oberdorf e. V. und Entwicklungsprojekte für Frauen - Marie-Schlei-Verein e. V., Mitgl. Kuratorium der Stiftung Bundespräsident-Theodor-Heuss-Haus. - MdB seit Okt. 2017; ab 2018 Mitgl. Fraktionsvorstand, ab 2021 Sprecherin für Familie, Senioren, Frauen und Jugend der SPD-Fraktion."
3587,Castellucci,"1995/2000 Studium der Politik, Mittlere und Neuere Geschichte und Öffentliches Recht in Heidelberg, Mannheim und San Francisco; 2008 Promotion in Darmstadt. Stipendiat der Friedrich-Ebert-Stiftung, der Fulbright-Kommission und der Erich-Becker-Stiftung; 2000/13 Mitarbeiter IFOK Kommunikations- und Strategieberatung in Bensheim. Seit Sommersemester 2013 Professur für Nachhaltiges Management an der Hochschule der Wirtschaft für Management in Mannheim. Seit 1991 Mitgl. der SPD, 1995/2001 Ortsvereinsvors. der SPD Wiesloch, 2001/09 Kreisvors. der SPD Rhein-Neckar, 2005/18 stellv. Vors. der SPD Baden-Württemberg. 1999/2013 im Stadtrat der Stadt Wiesloch, 2001/13 dort Vors. der SPD-Fraktion. 2009/13 Kreisrat im Rhein-Neckar-Kreis. Beirat der Beschäftigungsinitiative Wiesloch und Umgebung e.V. und Initiator der Bürgerstiftung Wiesloch. - MdB seit Okt. 2013; in der 19. WP stellv. innenpol. Sprecher und Sprecher für Migration und Integration und Beauftragter für Kirchen und Religionsgemeinschaften der SPD-Fraktion; in der 20. WP stellv. Vorsitzender des Ausschusses für Inneres und Heimat, Beauftragter für Kirchen- und Religionsgemeinschaften der SPD-Fraktion."
3430,Knoerig,"1987 Abitur am Syker Gymnasium. 1996 Magisterabschluss der Politologie, Schwerpunkt Kommunalwissenschaften an der Universität Bonn, Nebenfächer Neuere Geschichte und Psychologie. 1987 Wehrpflicht, Eintritt in die Bundeswehr, Pressereserveoffizier, Oberstleutnant d. R. 1996 Referent für Vertriebsmarketing bei der Deutschen Telekom AG, 1989/96 Mitarbeiter bei MdB Walter Link, seit 2000 Marketingfachmann im Zentralbereich des Vorstandsvorsitzenden, Hauptstadtrepräsentanz. Stellv. Vors. des Kreissportbundes Diepholz, Spartenleiter Boxen im TuS Syke e. V., stellv. Vors. Sportförderverein Niedersachsen, seit 2013 Mitgl. Stiftungsrat der ""Stiftung Kinderhospiz Löwenherz"", seit 2016 Mitgl. Gesellschafterversammlung der Wirtschaftsförderungsgesellschaft mbH für den Kreis Diepholz. 1983 Mitgl. der Jungen Union, 1986 Mitgl. der CDU, seit 2014 Vors. CDU-Kreisverband Diepholz, seit 2011 Mitgl. Bundesvorst. CDA Deutschland, seit 2019 stellv. Vors. der CDA Deutschland. Bis 1997 Stadtratsmitgl. in Bassum, 1991/2001 und seit 2011 Kreistagsabgeordneter im Landkreis Diepholz; seit 2001 Mitgl. im Samtgemeinderat Kirchdorf, seit 2011 Ratsvors. des Samtgemeinderats Kirchdorf. Seit 2011 Mitgl. im Verwaltungsrat der Kreissparkasse Diepholz. Englisch (f), Französisch (G). - MdB seit Okt. 2009; seit 2021 Vors. der Arbeitnehmergruppe der CDU/CSU-Fraktion und stellv. Vors. des Ausschusses für Arbeit und Soziales."
4221,Lenders,"1983/87 Ausbildung zum Kaufmann im Handwerk. 1988 Grundwehrdienst. 1989 Angestellter im Ausbildungsbetrieb, 1990 Angestellter Fa. Ladenbau, Niederrhein, 1994 Existenzgründung Fa. Licht + Concept GmbH in Fulda, seitdem Geschäftsführender Gesellschafter. Seit 1995 Mitgl. der FDP. 2003/11 Mitgl. der Stadtverordnetenvers. Fulda, 2004/11 Vors. der FDP-Fraktion. 2012 Mitgl. der 15. Bundesversammlung. MdL Hessen April 2008/Nov. 2008 und Jan. 2009/Okt. 2021, 2017/21 Parl. Geschäftsführer der FDP-Fraktion im Hessischen Landtag. Englisch. - MdB seit Okt. 2021."
1226,Kubicki,"1970 Abitur in Braunschweig. 1975 Examen Volkswirtschaftslehre an der Univ. Kiel. 1976/77 Mitarbeit in der Unternehmensberatung, 1978/80 in einem Steuerberatungsbüro. 1981/83 wissenschaftl. Assistent der FDP-Landtagsfraktion in Schleswig-Holstein. Neben dem Beruf Studium der Rechtswissenschaften in Kiel, 1982 1. jur. Staatsexamen, 1983/85 Referendar im jur. Vorbereitungsdienst, 1985 2. jur. Staatsexamen. 1985 Rechtsanwalt in eigener Sozietät. Mitgl. der FDP seit 1971, 1976/88 FDP-Landesvorstandsmitgl., zuletzt stellv. Landesvors., 1987/89 Vors. FDP-Kreisverband Rendsburg-Eckernförde, 1989/93 FDP-Landesvors. Schleswig-Holstein und FDP-Bundesvorstandsmitgl., 1997/2013 erneut Mitgl. Bundesvorst., seit 2013 Mitgl. Präsidium der FDP, seit Dez. 2013 stellv. Bundesvors. der FDP. 
MdL Schleswig-Holstein 1992/2017, u. a.1992/93 und 1996/2017 Vors. der FDP-Fraktion, Alterspräsident des 18. und 19. Landtags. - MdB 1990/92, Okt./Dez. 2002 und seit Okt. 2017; seit 24. Okt. 2017 Vizepräsident des Bundestages."
4030,Seitz,"1987 Abitur Scheffel-Gymnasium Lahr. 1987/88 Grundwehrdienst Transportbataillon 861. 1989/94 Studium der Rechtswissenschaften Albert-Ludwigs-Univ. Freiburg, 1990/91 Auslandsstudium Universität de Lausanne; 1994: 1. Juristisches Staatsexamen, 1996: 2. Juristisches Staatsexamen; 1996: Eintritt in den höheren Justizdienst des Landes Baden-Württemberg, Verwendungen: 1996 Landgericht Rottweil, 1997 Staatsanwaltschaft Rottweil, 1998 Amtsgericht Spaichingen, 2001 Landgericht Offenburg, 2002 Amtsgericht Villingen-Schwenningen, 2008 Staatsanwaltschaft Freiburg. 2021 Entlassung aus dem Beamtenverhältnis wegen politischer Äußerungen. 2011 Mitgl. der Bürgerrechtspartei ""Die Freiheit"", 2013/24 Mitgl. der Alternative für Deutschland, 2015/17 Richter am Bundesschiedsgericht der AfD, 2016 Landtagskandidat der AfD im Wahlkreis Lahr, 2017/19 Mitgl. im Konvent der AfD, 2019/24 Richter am Landesschiedsgericht der AfD BW. Mitgl. im Kuratorium ""Stiftung Forum Recht"". - MdB seit Okt. 2017; in der 19. WP Obmann der AfD-Fraktion im Ausschuss für Wahlprüfung, Immunität und Geschäftsordnung."
4378,Kretz,"2001 Abitur am Gymnasium Wiesloch. Zivildienst in einem Kinderheim in Lima, Peru. 2002/08 Studium Poltikwissenschaft und Interkulturelle Kommunikation in Chemnitz, M.A. 2009/12 wiss. Mitarbeiter bei Viola von Cramon, MdB/MdEP, 2012/24 Referent im Bundesministerium für wirtschaftliche Zusammenarbeit und Entwicklung. Seit 2009 Mitgl. bei Bündnis 90/Die Grünen, 2011/12 Sprecher der LAG Internationales Baden-Württemberg, Mitgl. der BAG Globale Entwicklung, seit 2022 Vorstandsmitgl. im Ortsverband Wiesloch. 2014/16 Kreisrat im Rhein-Neckar-Kreis. - MdB seit Feb. 2024."
3971,Moll,"Fachoberschulreife mit Qualifikation für die gymnasiale Oberstufe. Ausbildung zur staatlich anerkannten examinierten Altenpflegerin, Weiterbildung zur Fachkraft für Gerontospychiatrie. Altenpflegerin. Eintritt in die SPD, 1998 stellv. Geschäftsführerin Ortsverein Dürwiss / Neu-Lohn / Fronhoven, stellv. Vors. des Stadtverbandes. Seit 2009 Mitgl. Stadtrat der Stadt Eschweiler. Mitgl. Naturfreunde Dürwiss, AWO Dürwiss, ver.di, Sozialverband Ortsgruppe Eschweiler. Mitgl. in verschiedenen Karnevalsvereinen. - MdB seit Okt. 2017. Seit Jan. 2022 Bevollmächtigte der BReg für Pflege."
3029,Dobrindt,"Abitur am Gymnasium Weilheim. Studium an der Ludwig-Maximilians-Univ. München, Diplom-Soziologe. 1996/2001 Kaufm. Leiter im Maschinenbau, 2001/05 Geschäftsführer im Maschinenbau. 1986 Eintritt in die JU, 1990/97 JU-Kreisvors.; seit 1990 Mitgl. der CSU, 1999/2011 Ortsvors. der CSU, seit 2009 Kreisvors. der CSU Weilheim-Schongau. 1996/2018 Kreisrat in Weilheim/Schongau, 1996/2011 Marktgemeinderat in Peißenberg. Febr. 2009/Dez. 2013 Generalsekretär der CSU. - MdB seit Okt. 2002; in der 15. WP stellv. Vors. des Ausschusses für Wirtschaft und Arbeit; in der 16. WP wirtschaftspol. Sprecher der CSU-Landesgruppe und bildungs- und forschungspol. Sprecher der CDU/CSU-Fraktion; Dez. 2013/Okt. 2017 Bundesminister für Verkehr und digitale Infrastruktur; seit 2017 Vors. der CSU-Landesgruppe und 1. stellv. Vors. der CDU/CSU-Fraktion."
3152,Stetten,"Während des Studiums der Betriebswirtschaftslehre (abgeschlossen als Dipl. Betriebswirt (FH) 1994 Schritt in die Selbstständigkeit und Unternehmensgründung 1996, seitdem geschäftsführender Gesellschafter und Vorstandsvors. der eigenen Unternehmen. 1990/2002 verschiedene Vorstandsfunktionen innerhalb der JU Deutschlands. Seit 2009 Präsidiumsmitgl. der Mittelstands- und Wirtschaftsunion der CDU/CSU (MIT) und seit 2015 Präsidiumsmitgl. des CDU Wirtschaftsrats e. V. Seit 1994 Stadtrat in Künzelsau und seit 2013 Erster Stellv. Bürgermeister; seit 1994 Kreisrat des Hohenlohekreises. Vorstands- und Beiratsmitgl. zahlr. kultureller und soz. Vereine und Stiftungen. - MdB seit Okt. 2002; mittelstandspol. Sprecher der CDU/CSU-Fraktion und Vors. Parlamentskreis Mittelstand (PKM)."
3193,Klingbeil,"1998 Abitur. 1998/99 Zivildienst in der Bahnhofsmission Hannover. 1999/2004 Studium der Politischen Wissenschaften, Geschichte und Soziologie an der Leibniz Universität Hannover, Abschluss Magister. 2001/03 Mitarbeiter im Wahlkreisbüro des damaligen Bundeskanzlers Gerhard Schröder; 2004/05 Jugendbildungsreferent, 2005/09 Büroleiter des niedersächsischen Bundestagsabgeordneten und SPD-Landesvors. Garrelt Duin. Mitgl. in der IG Bergbau, Chemie und Energie, AWO, Verkehrswacht. 1996 Eintritt in die SPD; 2003/07 stellv. Bundesvors. der Jusos, 2017/21 Generalsekretär und seit Dez. 2021 Vors. der SPD. - MdB Jan./Okt. 2005 und seit Okt. 2009; 2009/17 netzpolitischer Sprecher der SPD-Fraktion."
4247,Mesarosch,"2010 Abitur an der Liebfrauenschule Sigmaringen. Studium der Werbung an der Hochschule der Medien in Stuttgart, Studium der Rechtswissenschaft, der Philosophie und Geschichte an der Humboldt-Univ. zu Berlin. Seit 2010 Abgeordnetenmitarbeiter bei mehreren MdBs, schließlich Social-Media-Referent 2017/21 von Martin Schulz, 2018/19 von Andrea Nahles und 2018/21 von Heiko Maas, sowie Referent für Social Media beim SPD-Parteivorstand, beim SPD-Landesverband Baden-Württemberg und der SPD-Bundestagsfraktion. 2018/21 selbstständiger Kommunikationsberater. Über 200 Auftritte als Poetry Slammer (vor allem 2011/13). Seit 2021 SPD-Kreisvors. in Sigmaringen. Beirat im Förderverein des Krankenhauses Bad Saulgau e. V., Mitgl. bei ver.di. Englisch, Französisch, Ungarisch (G), Russisch (G). - MdB seit Okt. 2021."
